Customer ID,Average Spending
CUST0368,163.655
CUST0032,163.34555555555556
CUST0003,159.5442857142857
CUST0253,157.98375
CUST0379,150.68
